{"cameraMode":{"drawMode":0,"name":"Shaded","section":"Shading Mode"},"sceneLighting":true,"audioPlay":false,"sceneViewState":{"showFog":true,"showMaterialUpdate":false,"showSkybox":true,"showFlares":true,"showImageEffects":true,"showParticleSystems":true},"in2DMode":false,"pivot":{"x":133.6976318359375,"y":6.786958694458008,"z":-144.75302124023438},"rotation":{"x":-0.1626964509487152,"y":0.7315493226051331,"z":-0.18742646276950837,"w":-0.6350248456001282},"size":11.974252700805664,"orthographic":false}